Date,Price,ATR,CE_Score,TTS_Score,Final_Score,SIV_Signal,Final_Verdict,Market_Reality,Correct,Strong_Verdict,Trade_Allowed,Raw_Verdict,Signals_Agree,Trend_OK,Signal_Confidence,CE_Confidence,Risk_Penalty
04/02/2018,105.833,0.830440080992543,0.1565,0.0599999995747277,0.0,PARTIAL,SKIP,BULLISH,,,,,,,,,
04/03/2018,106.504,0.8533147368602052,0.3798,0.059999999638257084,0.1997907,PARTIAL,BUY,BULLISH,True,True,True,BUY,True,True,0.21989999981912856,0.4,0.2
04/04/2018,106.78,0.8566061052788445,0.1167,0.05999999969145636,0.08425569,PARTIAL,BUY,BULLISH,True,True,True,BUY,True,True,0.08834999984572818,0.52,0.2
04/05/2018,107.15,0.8507919579083303,-0.0332,0.05999999973857519,0.0,COHERENT,SKIP,BEARISH,,,,,,,,,
04/06/2018,106.892,0.8320196968538854,-0.1493,0.05999999973470885,0.0,PARTIAL,SKIP,BULLISH,,,,,,,,,
04/09/2018,106.734,0.8028170706067006,0.0223,0.05999999970702904,0.0,COHERENT,SKIP,BULLISH,,,,,,,,,
04/10/2018,107.207,0.8036414611924736,-0.1711,0.059999999718383885,0.0,PARTIAL,SKIP,BEARISH,,,,,,,,,
04/11/2018,106.8,0.7772892663668098,0.0499,0.059999999671780185,0.0,COHERENT,SKIP,BULLISH,,,,,,,,,
04/12/2018,107.249,0.7749840308512359,0.4236,0.05999999967428999,0.21934739999999997,PARTIAL,BUY,BULLISH,True,True,True,BUY,True,True,0.24179999983714498,0.4,0.2
04/13/2018,107.32,0.7516528267377371,0.2721,0.05999999966823122,0.17829999000000002,PARTIAL,BUY,BEARISH,False,True,True,BUY,True,True,0.1660499998341156,0.84,0.2
04/16/2018,107.114,0.7282324498393713,0.55,0.059999999616809206,0.0,PARTIAL,SKIP,BULLISH,,,,,,,,,
04/17/2018,107.033,0.6795347898607884,-0.223,0.05999999953161928,0.0,PARTIAL,SKIP,BULLISH,,,,,,,,,
04/18/2018,107.213,0.6430634845460156,-0.1813,0.0599999994775357,0.0,PARTIAL,SKIP,BULLISH,,,,,,,,,
04/19/2018,107.423,0.6022550199398787,0.8658,0.05999999947120927,0.0,PARTIAL,SKIP,BULLISH,,,,,,,,,
04/20/2018,107.647,0.5907543506145605,0.6501,0.059999999501037994,0.34738821,PARTIAL,BUY,BULLISH,True,True,True,BUY,True,True,0.355049999750519,0.56,0.2
04/23/2018,108.672,0.6595871038659524,0.2925,-0.05151136453400213,0.11251419999999998,PARTIAL,BUY,BULLISH,True,True,True,BUY,False,True,0.17200568226700105,0.48,0.2
04/24/2018,108.856,0.6625754900171591,0.0468,-0.05915946314368944,0.0,COHERENT,SKIP,BULLISH,,,,,,,,,
04/25/2018,109.409,0.6687654246815364,-0.2333,-0.09809468043982125,-0.1535618,PARTIAL,SELL,BEARISH,True,True,True,SELL,True,True,0.16569734021991062,0.4,0.2
04/26/2018,109.35,0.6365300347239972,0.2224,-0.059498344057642705,0.10147994999999997,PARTIAL,BUY,BULLISH,True,True,True,BUY,False,True,0.14094917202882135,0.8,0.2
04/27/2018,109.033,0.6288593634274653,0.2131,-0.006751395773619155,0.12932825,PARTIAL,BUY,BULLISH,True,True,True,BUY,False,True,0.10992569788680959,1.0,0.2
04/30/2018,109.267,0.6066114483038038,0.3782,-0.025343818048634552,0.0,PARTIAL,SKIP,BULLISH,,,,,,,,,
05/01/2018,109.908,0.6178632551966302,0.5943,-0.07099754847764746,0.0,PARTIAL,SKIP,BEARISH,,,,,,,,,
05/02/2018,109.829,0.59908148783708,0.2509,-0.057823389653704704,0.0,PARTIAL,SKIP,BEARISH,,,,,,,,,
05/03/2018,109.157,0.6466706227921346,-0.4464,0.0454279477701925,0.0,PARTIAL,SKIP,BEARISH,,,,,,,,,
05/04/2018,109.101,0.6476478730865162,0.0,0.05339423419843477,0.0,COHERENT,SKIP,BULLISH,,,,,,,,,
05/07/2018,109.135,0.650361490008313,-0.3917,0.05007013621903005,0.0,PARTIAL,SKIP,BULLISH,,,,,,,,,
05/08/2018,109.1,0.6359132913405382,-0.101,0.05571571158681487,-0.017051549999999995,PARTIAL,HOLD,BULLISH,False,False,False,HOLD,False,True,0.07835785579340744,0.4,0.2
05/09/2018,109.745,0.6661915191617998,0.5241,-0.006945630264720885,0.0,PARTIAL,SKIP,BEARISH,,,,,,,,,
05/10/2018,109.406,0.6745659832735598,0.6163,-0.30817221804846334,0.0,PARTIAL,SKIP,BULLISH,,,,,,,,,
05/11/2018,109.38,0.6443571855037509,0.2713,-0.06809963252700774,0.0,PARTIAL,SKIP,BULLISH,,,,,,,,,
05/14/2018,109.705,0.6300428941032497,-0.2677,-0.10138446196817523,-0.16489549,PARTIAL,SELL,BULLISH,False,True,True,SELL,True,True,0.18454223098408762,0.28,0.2
05/15/2018,110.285,0.6561705082228173,-0.2729,0.23796266575877015,-0.017438090000000003,PARTIAL,HOLD,BULLISH,False,False,False,HOLD,False,True,0.2554313328793851,0.52,0.5
05/16/2018,110.294,0.6217477737931079,0.5145,-0.03380869849989443,0.28771338999999996,PARTIAL,BUY,BULLISH,True,True,True,BUY,False,True,0.2741543492499472,0.88,0.2
05/17/2018,110.783,0.6455147372873598,0.5042,-0.07678134744032653,0.28580749999999994,PARTIAL,BUY,BULLISH,True,True,True,BUY,False,True,0.29049067372016324,1.0,0.2
05/18/2018,110.776,0.6263794389823779,0.1445,-0.07343146762207343,0.06482324999999997,PARTIAL,BUY,BEARISH,False,True,True,BUY,False,True,0.10896573381103672,1.0,0.2
05/21/2018,110.957,0.6255288471180616,0.1902,-0.08663617288054938,0.03816568,PARTIAL,HOLD,BEARISH,False,False,False,HOLD,False,True,0.1384180864402747,0.36,0.2
05/22/2018,110.824,0.6002583341689877,0.1661,-0.0576817118209976,0.055316979999999995,PARTIAL,HOLD,BEARISH,False,False,False,BUY,False,True,0.1118908559104988,0.56,0.2
05/23/2018,109.989,0.6987572229464558,0.2603,-0.3,-0.014014970000000007,PARTIAL,HOLD,BEARISH,False,False,False,HOLD,False,True,0.28015,0.52,0.5
05/24/2018,109.259,0.7541229265535938,0.511,-0.059999999416952804,0.21097029999999997,PARTIAL,BUY,BEARISH,False,True,True,BUY,False,True,0.2854999997084764,0.48,0.2
05/25/2018,109.425,0.7407732030131141,0.52,-0.05999999961165632,0.0,PARTIAL,SKIP,BEARISH,,,,,,,,,
05/28/2018,109.45,0.7124034426113663,-0.3238,-0.05999999967226505,0.0,PARTIAL,SKIP,BEARISH,,,,,,,,,
05/29/2018,108.629,0.8012829835965182,-0.0784,-0.059999999759318356,0.0,PARTIAL,SKIP,BULLISH,,,,,,,,,
05/30/2018,108.824,0.7951119191169838,0.2181,-0.05999999977796364,0.0,PARTIAL,SKIP,BULLISH,,,,,,,,,
05/31/2018,108.773,0.7734969965680519,-0.1321,-0.059999999783208274,0.0,PARTIAL,SKIP,BULLISH,,,,,,,,,
06/01/2018,109.518,0.8084973970256453,0.1489,-0.059999999730342764,0.05294407000000002,PARTIAL,HOLD,BULLISH,False,False,False,BUY,False,True,0.10444999986517138,0.68,0.2
06/04/2018,109.891,0.7749644107555596,0.2322,-0.059999999615920556,0.0,PARTIAL,SKIP,BEARISH,,,,,,,,,
06/05/2018,109.826,0.7456358226548172,0.6823,-0.059999999471190855,0.0,PARTIAL,SKIP,BEARISH,,,,,,,,,
06/06/2018,110.16,0.7138177129675071,0.3117,-0.05999999903188362,0.11743880999999999,PARTIAL,BUY,BEARISH,False,True,True,BUY,False,True,0.1858499995159418,0.48,0.2
06/07/2018,109.692,0.7189086845718389,0.0276,-0.059999998978836046,0.0,COHERENT,SKIP,BULLISH,,,,,,,,,
06/08/2018,109.515,0.7141208599622595,-0.1377,-0.05999999910785486,0.0,PARTIAL,SKIP,BULLISH,,,,,,,,,
06/11/2018,110.165,0.7299714119672913,0.5563,-0.059999997981065666,0.0,PARTIAL,SKIP,BULLISH,,,,,,,,,
06/12/2018,110.443,0.6957085570383209,0.0065,0.3,0.16398995,PARTIAL,BUY,BEARISH,False,True,True,BUY,True,True,0.15325,0.28,0.2
06/13/2018,110.19,0.7080140827665443,-0.1682,0.0599999966178347,0.0,PARTIAL,SKIP,BULLISH,,,,,,,,,
06/14/2018,110.571,0.7208122050643387,0.3143,0.05927003038879638,0.1876345,PARTIAL,BUY,BEARISH,False,True,True,BUY,True,True,0.1867850151943982,0.64,0.2
06/15/2018,110.635,0.6972372443890932,0.2836,0.05288690773398803,0.19271224999999997,PARTIAL,BUY,BEARISH,False,True,True,BUY,True,True,0.16824345386699402,1.0,0.2
06/18/2018,110.542,0.6574722784705476,0.3367,0.059999998948448804,0.19000968999999998,PARTIAL,BUY,BEARISH,False,True,True,BUY,True,True,0.1983499994742244,0.52,0.2
06/19/2018,110.034,0.7055426413411414,0.2786,0.05999999668569364,0.15958898,PARTIAL,BUY,BULLISH,True,True,True,BUY,True,True,0.1692999983428468,0.48,0.2
06/20/2018,110.376,0.695603622495656,-0.0134,0.059999995006654316,0.0,COHERENT,SKIP,BEARISH,,,,,,,,,
06/21/2018,109.899,0.7295231394962356,-0.0517,-0.3,-0.16244179999999997,COHERENT,SELL,BEARISH,True,True,True,SELL,True,True,0.17585,0.68,0.0
06/22/2018,109.855,0.6906533875634046,0.2422,-0.059999998866137404,0.09860278,PARTIAL,BUY,BULLISH,True,True,True,BUY,False,True,0.1510999994330687,0.64,0.2
06/25/2018,109.677,0.6908329358882849,0.1688,-0.05999999926032573,0.0,PARTIAL,SKIP,BULLISH,,,,,,,,,
06/26/2018,110.058,0.7141885444365135,-0.0823,-0.05999999917169282,-0.06797383,PARTIAL,SELL,BULLISH,False,True,True,SELL,True,True,0.0711499995858464,0.56,0.2
06/27/2018,110.231,0.7309634051783103,-0.2246,-0.059999998893094916,-0.13424678,PARTIAL,SELL,BULLISH,False,True,True,SELL,True,True,0.14229999944654745,0.48,0.2
06/28/2018,110.49,0.7280349511545361,-0.0839,-0.059999997631310906,0.0,PARTIAL,SKIP,BULLISH,,,,,,,,,
06/29/2018,110.67,0.7100302910005984,0.1689,0.3,0.2431026,COHERENT,BUY,BULLISH,True,True,True,BUY,True,True,0.23445,0.28,0.0
07/02/2018,110.838,0.6810929188671866,-0.8267,0.0495478294170123,0.0,PARTIAL,SKIP,BEARISH,,,,,,,,,
07/03/2018,110.5,0.6816138630182287,-0.85,0.059999997308903666,0.0,PARTIAL,SKIP,BULLISH,,,,,,,,,
07/04/2018,110.471,0.6316653479491318,0.0,0.05999999503783126,0.0,COHERENT,SKIP,BULLISH,,,,,,,,,
07/05/2018,110.659,0.6090433015559147,-0.5818,0.059999996010069896,0.0,PARTIAL,SKIP,BULLISH,,,,,,,,,
07/06/2018,110.464,0.5859708613484603,-0.7238,0.059999962403513865,0.0,PARTIAL,SKIP,BULLISH,,,,,,,,,
07/09/2018,110.87,0.5842414131686666,0.3799,0.05999999645755801,0.0,PARTIAL,SKIP,BULLISH,,,,,,,,,
07/10/2018,110.841,0.5842092247461782,0.3496,0.05999999723712249,0.0,PARTIAL,SKIP,BULLISH,,,,,,,,,
07/11/2018,111.942,0.6977813281133554,0.6221,-0.10852364057638683,0.21480905999999994,PARTIAL,BUY,BULLISH,True,True,True,BUY,False,True,0.3653118202881934,0.36,0.2
07/12/2018,112.607,0.7075438176982415,0.5362,-0.1553723478107593,0.0,PARTIAL,SKIP,BEARISH,,,,,,,,,
07/13/2018,112.33,0.6878713086718097,0.1853,-0.05215491988892498,0.0,PARTIAL,SKIP,BULLISH,,,,,,,,,
07/16/2018,112.308,0.6446884675155671,0.0,-0.0407099546595148,0.0,COHERENT,SKIP,BULLISH,,,,,,,,,
07/17/2018,112.924,0.6585966718468241,-0.905,-0.0922414434901834,-0.36711192000000004,PARTIAL,SELL,BEARISH,True,True,True,SELL,True,True,0.4986207217450917,0.04,0.2
07/18/2018,112.858,0.6305171156005819,-0.7509,-0.07475226478979471,0.0,PARTIAL,SKIP,BEARISH,,,,,,,,,
07/19/2018,112.443,0.6975148335205037,0.3387,0.00045503717594903154,0.0,PARTIAL,SKIP,BEARISH,,,,,,,,,
07/20/2018,111.416,0.7742461890511046,0.1102,0.059999998962869054,0.0,PARTIAL,SKIP,BEARISH,,,,,,,,,
07/23/2018,111.376,0.778213363844291,-0.0243,-0.3,-0.13047014999999998,PARTIAL,SELL,BEARISH,True,True,True,SELL,True,True,0.16215,0.8,0.2
07/24/2018,111.24,0.7523182486650507,0.1114,-0.05999999926283696,0.04883949999999998,PARTIAL,HOLD,BEARISH,False,False,False,HOLD,False,True,0.08569999963141847,1.0,0.2
07/25/2018,110.915,0.7512091488430439,0.3014,-0.05999999957516208,0.16616449999999994,PARTIAL,BUY,BEARISH,False,True,True,BUY,False,True,0.18069999978758106,1.0,0.2
07/26/2018,111.201,0.7417145956639724,0.3871,-0.059999999619318116,0.16301791,PARTIAL,BUY,BULLISH,True,True,True,BUY,False,True,0.22354999980965906,0.56,0.2
07/27/2018,111.021,0.7076193162421099,0.0441,-0.05999999965768547,0.0,COHERENT,SKIP,BULLISH,,,,,,,,,
07/30/2018,111.021,0.6539367407431629,0.4696,-0.05999999966838897,0.0,PARTIAL,SKIP,BULLISH,,,,,,,,,
07/31/2018,111.767,0.7294118419774077,0.3284,-0.059999999541105596,0.18283699999999994,PARTIAL,BUY,BEARISH,False,True,True,BUY,False,True,0.1941999997705528,1.0,0.2
08/01/2018,111.67,0.7364235963804195,0.4359,-0.05999999940998771,0.24921824999999992,PARTIAL,BUY,BEARISH,False,True,True,BUY,False,True,0.24794999970499387,1.0,0.2
08/02/2018,111.619,0.6958337835296954,0.4539,-0.05999999928771518,0.25447478999999995,PARTIAL,BUY,BEARISH,False,True,True,BUY,False,True,0.2569499996438576,0.96,0.2
08/03/2018,111.205,0.7103892790590703,0.2198,-0.05999999938736976,0.07112042,PARTIAL,BUY,BEARISH,False,True,True,BUY,False,True,0.13989999969368488,0.44,0.2
08/06/2018,111.362,0.6672707085178611,-0.1505,-0.05999999936026843,0.0,PARTIAL,SKIP,BEARISH,,,,,,,,,
08/07/2018,111.364,0.6475012807154803,-0.1242,-0.059999999320858775,0.0,PARTIAL,SKIP,BEARISH,,,,,,,,,
08/08/2018,110.882,0.6450344432867484,0.3223,-0.059999999469333605,0.0,PARTIAL,SKIP,BEARISH,,,,,,,,,
08/09/2018,111.158,0.626363184181848,-0.0862,-0.05999999943799674,-0.07019170000000001,PARTIAL,SELL,BEARISH,True,True,True,SELL,True,True,0.07309999971899837,0.6,0.2
08/10/2018,110.797,0.6335147596242692,-0.1756,-0.059999999507190635,-0.11256892,PARTIAL,SELL,BEARISH,True,True,True,SELL,True,True,0.11779999975359531,0.52,0.2
08/13/2018,110.722,0.6635794583410326,0.8248,-0.05999999954118866,0.0,PARTIAL,SKIP,BULLISH,,,,,,,,,
08/14/2018,111.18,0.675768863895561,0.1304,-0.05999999940751222,0.0,PARTIAL,SKIP,BEARISH,,,,,,,,,
08/15/2018,110.63,0.7219330153761536,-0.1684,-0.05999999947024308,0.0,PARTIAL,SKIP,BEARISH,,,,,,,,,
08/16/2018,110.945,0.7168752799926661,-0.1436,-0.05999999936955692,0.0,PARTIAL,SKIP,BEARISH,,,,,,,,,
08/17/2018,110.49,0.7242252426603114,0.2829,-0.05999999944495956,0.10001391,PARTIAL,BUY,BEARISH,False,True,True,BUY,False,True,0.17144999972247976,0.44,0.2
08/20/2018,109.93,0.7336618769722701,0.8227,0.004147750618549703,0.0,PARTIAL,SKIP,BULLISH,,,,,,,,,
08/21/2018,110.078,0.7434402933759677,0.8998,-0.05775190853143561,0.0,PARTIAL,SKIP,BULLISH,,,,,,,,,
08/22/2018,110.549,0.726581587592506,0.3391,-0.05999999949129844,0.0,PARTIAL,SKIP,BULLISH,,,,,,,,,
08/23/2018,111.352,0.7477040425801706,0.4437,-0.059999998411370284,0.0,PARTIAL,SKIP,BEARISH,,,,,,,,,
08/24/2018,111.216,0.7036101702361481,0.4015,0.3,0.345269,COHERENT,BUY,BULLISH,True,True,True,BUY,True,True,0.35075,0.32,0.0
08/27/2018,111.074,0.6695288142046608,-0.9398,0.05999999773113124,0.0,PARTIAL,SKIP,BULLISH,,,,,,,,,
08/28/2018,111.181,0.6373249723107056,-0.0105,0.059999998671284874,0.0,COHERENT,SKIP,BULLISH,,,,,,,,,
08/29/2018,111.725,0.650881642669277,-0.2175,0.05999999933421647,0.0,PARTIAL,SKIP,BEARISH,,,,,,,,,
08/30/2018,111.018,0.6740974236467052,-0.3296,0.05999999913216966,0.0,PARTIAL,SKIP,BULLISH,,,,,,,,,
08/31/2018,111.02,0.6475511004938124,0.4217,0.059999998868198595,0.0,PARTIAL,SKIP,BULLISH,,,,,,,,,
09/03/2018,111.089,0.608144287094636,-0.3873,0.05999999866464442,0.0,PARTIAL,SKIP,BULLISH,,,,,,,,,
09/04/2018,111.461,0.6154583821486841,0.0601,0.05999999902519438,0.05705262999999999,PARTIAL,HOLD,BEARISH,False,False,False,BUY,True,True,0.060049999512597194,0.68,0.2
09/05/2018,111.464,0.5851305978621917,0.0141,0.05999999913157774,0.0,COHERENT,SKIP,BEARISH,,,,,,,,,
09/06/2018,110.667,0.6421798514805668,0.1152,0.059999996896596415,0.0,PARTIAL,SKIP,BULLISH,,,,,,,,,
09/07/2018,110.988,0.6749558712831586,0.111,0.05999999208027637,0.0,PARTIAL,SKIP,BULLISH,,,,,,,,,
09/10/2018,111.136,0.6408284217787371,-0.7549,0.05999999347434658,0.0,PARTIAL,SKIP,BULLISH,,,,,,,,,
09/11/2018,111.63,0.6368512988749042,0.0,0.05999999854269549,0.0,COHERENT,SKIP,BEARISH,,,,,,,,,
09/12/2018,111.234,0.6243377923582493,0.0,0.05999999821480982,0.0,COHERENT,SKIP,BULLISH,,,,,,,,,
09/13/2018,112.042,0.6621594200438162,0.8529,0.05999999923490405,0.0,PARTIAL,SKIP,BEARISH,,,,,,,,,
09/14/2018,112.049,0.6324048307046398,0.0777,0.05999999941414401,0.0,PARTIAL,SKIP,BEARISH,,,,,,,,,
09/17/2018,111.682,0.6123508532773545,0.1143,0.059999999318174596,0.0,PARTIAL,SKIP,BULLISH,,,,,,,,,
09/18/2018,112.35,0.6307040728403739,-0.0092,0.04395873119918968,0.0,COHERENT,SKIP,BULLISH,,,,,,,,,
09/19/2018,112.27,0.5888768631283251,0.1592,0.05999999950584536,0.11373248,PARTIAL,BUY,BULLISH,True,True,True,BUY,True,True,0.10959999975292269,0.84,0.2
09/20/2018,112.484,0.5842266147112154,0.2223,0.045715753360906816,0.14843901999999998,PARTIAL,BUY,BULLISH,True,True,True,BUY,True,True,0.1340078766804534,0.92,0.2
09/21/2018,112.567,0.5713963994163866,0.0938,0.03765051553184461,0.06853812999999999,PARTIAL,BUY,BULLISH,True,True,True,BUY,True,True,0.06572525776592231,0.88,0.2
09/24/2018,112.792,0.5522768794942015,-0.2948,0.015725719137720362,0.0,PARTIAL,SKIP,BULLISH,,,,,,,,,
09/25/2018,112.971,0.5169066288949754,0.1387,-0.0013455349076264278,0.06446699999999998,PARTIAL,BUY,BULLISH,True,True,True,BUY,False,True,0.07002276745381321,0.48,0.2
09/26/2018,112.756,0.5194524117089789,0.1201,0.03666191500454946,0.07590614,PARTIAL,BUY,BULLISH,True,True,True,BUY,True,True,0.07838095750227472,0.56,0.2
09/27/2018,113.4,0.5752587568144487,-0.055,-0.024238127373117507,0.0,PARTIAL,SKIP,BULLISH,,,,,,,,,
09/28/2018,113.66,0.5548242559058552,-0.0374,-0.045610640944107474,0.0,COHERENT,SKIP,BULLISH,,,,,,,,,
10/01/2018,113.998,0.5344476884517413,0.4363,-0.07165331288028015,0.0,PARTIAL,SKIP,BULLISH,,,,,,,,,
10/02/2018,113.652,0.5314546633248425,0.5595,-0.00958180165461428,0.0,PARTIAL,SKIP,BULLISH,,,,,,,,,
10/03/2018,114.461,0.6008607082148644,-0.0196,-0.07132754550123557,0.0,COHERENT,SKIP,BEARISH,,,,,,,,,
10/04/2018,113.893,0.6474126137862162,0.3911,0.01681156231700147,0.0,PARTIAL,SKIP,BEARISH,,,,,,,,,
10/05/2018,113.709,0.6372242652813871,0.0278,0.043192872211763746,0.0,COHERENT,SKIP,BEARISH,,,,,,,,,
10/08/2018,113.134,0.7059943632438677,0.7974,0.059999997606466106,0.0,PARTIAL,SKIP,BEARISH,,,,,,,,,
10/09/2018,113.013,0.6854617814780176,0.7409,-0.3,0.0,PARTIAL,SKIP,BEARISH,,,,,,,,,
10/10/2018,112.248,0.7536668772809489,0.6985,-0.059999999535519315,0.0,PARTIAL,SKIP,BEARISH,,,,,,,,,
10/11/2018,112.115,0.7499779603101556,0.5995,-0.05999999968970618,0.0,PARTIAL,SKIP,BEARISH,,,,,,,,,
10/12/2018,112.198,0.7362475656021356,0.1629,-0.059999999730724334,0.0,PARTIAL,SKIP,BEARISH,,,,,,,,,
10/15/2018,111.772,0.7242145568551842,0.2592,-0.059999999770058286,0.0855228,PARTIAL,BUY,BULLISH,True,True,True,BUY,False,True,0.15959999988502913,0.4,0.2
10/16/2018,112.311,0.7088526159411589,0.2692,-0.05999999975031522,0.0,PARTIAL,SKIP,BULLISH,,,,,,,,,
10/17/2018,112.621,0.712605600482337,0.0,-0.059999999696963686,0.0,COHERENT,SKIP,BEARISH,,,,,,,,,
10/18/2018,112.195,0.7235915204180238,0.3371,-0.059999999685601324,0.0,PARTIAL,SKIP,BULLISH,,,,,,,,,
10/19/2018,112.531,0.6988459843622868,0.2335,-0.059999999617903005,0.0,PARTIAL,SKIP,BEARISH,,,,,,,,,
10/22/2018,112.822,0.6811331864473157,0.5738,-0.05999999945845614,0.0,PARTIAL,SKIP,BEARISH,,,,,,,,,
10/23/2018,112.385,0.708982094921007,0.4915,-0.05999999943076879,0.18924475,PARTIAL,BUY,BEARISH,False,True,True,BUY,False,True,0.2757499997153844,0.4,0.2
10/24/2018,112.087,0.7123178155982054,0.4578,-0.05999999948625141,0.0,PARTIAL,SKIP,BEARISH,,,,,,,,,
10/25/2018,112.402,0.7338754401851126,0.2429,-0.05999999939210588,0.0,PARTIAL,SKIP,BEARISH,,,,,,,,,
10/26/2018,111.83,0.7818920481604321,-0.2787,-0.05999999949779047,0.0,PARTIAL,SKIP,BULLISH,,,,,,,,,
10/29/2018,112.344,0.7863064417390409,0.1454,-0.05999999936123291,0.0,PARTIAL,SKIP,BULLISH,,,,,,,,,
10/30/2018,113.084,0.8015989161738368,-0.0388,-0.05999999769802544,0.0,COHERENT,SKIP,BEARISH,,,,,,,,,
10/31/2018,112.932,0.7767190606839931,0.0959,0.3,0.167335,COHERENT,BUY,BULLISH,True,True,True,BUY,True,True,0.19795,1.0,0.0
11/01/2018,112.648,0.7362231859261272,0.0653,0.05999999423673388,0.06027275,PARTIAL,BUY,BULLISH,True,True,True,BUY,True,True,0.06264999711836694,1.0,0.2
11/02/2018,113.16,0.7357934278026423,-0.2399,0.05999999863124158,-0.07690535,PARTIAL,SELL,BULLISH,False,True,True,SELL,False,True,0.14994999931562078,0.4,0.2
11/05/2018,113.2,0.6762209707622903,0.0806,0.059999999072160845,0.06643273999999999,PARTIAL,BUY,BULLISH,True,True,True,BUY,True,True,0.07029999953608043,0.44,0.2
11/06/2018,113.45,0.6440581746606518,0.1564,0.059736553880368366,0.0,PARTIAL,SKIP,BULLISH,,,,,,,,,
11/07/2018,113.525,0.6779170847058977,-0.2414,0.05999999942777318,0.0,PARTIAL,SKIP,BULLISH,,,,,,,,,
11/08/2018,114.045,0.66859480674511,0.3531,0.00313186679225938,0.0,PARTIAL,SKIP,BEARISH,,,,,,,,,
11/09/2018,113.82,0.6374488325124289,0.4353,0.05540254750835953,0.0,PARTIAL,SKIP,BEARISH,,,,,,,,,
11/12/2018,113.798,0.6303223215107722,-0.193,0.058753125322097206,0.0,PARTIAL,SKIP,BEARISH,,,,,,,,,
11/13/2018,113.804,0.624546011976003,-0.2835,0.05810425157986489,-0.15574299999999996,PARTIAL,SELL,BEARISH,True,True,True,SELL,False,True,0.17080212578993242,1.0,0.2
11/14/2018,113.57,0.6399398770458705,-0.2124,0.059999999273135915,-0.11120699999999997,PARTIAL,SELL,BEARISH,True,True,True,SELL,False,True,0.13619999963656795,1.0,0.2
11/15/2018,113.58,0.6395478934397546,0.2466,0.05999999893080933,0.0,PARTIAL,SKIP,BEARISH,,,,,,,,,
11/16/2018,112.812,0.68667484098112,0.177,-0.3,0.0,PARTIAL,SKIP,BEARISH,,,,,,,,,
11/19/2018,112.484,0.6597848621836373,-0.0363,-0.05999999926815345,0.0,COHERENT,SKIP,BULLISH,,,,,,,,,
11/20/2018,112.728,0.64821354722582,0.051,-0.059999999436267645,-0.007438500000000003,PARTIAL,HOLD,BULLISH,False,False,False,HOLD,False,True,0.055499999718133824,0.4,0.2
11/21/2018,113.107,0.6444517409290447,0.0293,-0.05999999936176622,0.0,COHERENT,SKIP,BULLISH,,,,,,,,,
11/22/2018,112.943,0.5961248421385068,0.1809,-0.05999999935872799,0.06978567000000001,PARTIAL,BUY,BULLISH,True,True,True,BUY,False,True,0.120449999679364,0.68,0.2
11/23/2018,112.94,0.5673081965200405,0.2337,-0.059999999334531755,0.08418159,PARTIAL,BUY,BULLISH,True,True,True,BUY,False,True,0.14684999966726586,0.52,0.2
11/26/2018,113.565,0.598467103650702,-0.1592,-0.0599999986607844,-0.10242368,PARTIAL,SELL,BULLISH,False,True,True,SELL,True,True,0.1095999993303922,0.44,0.2
11/27/2018,113.767,0.5804048231639428,-0.1416,-0.059999975154105475,-0.09622512,PARTIAL,SELL,BEARISH,True,True,True,SELL,True,True,0.10079998757705275,0.52,0.2
11/28/2018,113.621,0.5839508467420838,-0.5204,0.3,0.0,PARTIAL,SKIP,BEARISH,,,,,,,,,
11/29/2018,113.452,0.5676907338431397,-0.0531,0.05999999452764488,0.0013434899999999975,PARTIAL,HOLD,BEARISH,False,False,False,HOLD,False,True,0.05654999726382244,0.56,0.2
11/30/2018,113.545,0.546665302664054,0.0054,0.05999999548390758,0.0,COHERENT,SKIP,BEARISH,,,,,,,,,
12/03/2018,113.624,0.5381765956421788,0.918,0.059999996614419716,0.0,PARTIAL,SKIP,BEARISH,,,,,,,,,
12/04/2018,112.755,0.6129530495565536,0.9441,-0.3,0.0,PARTIAL,SKIP,BEARISH,,,,,,,,,
12/05/2018,113.158,0.6141593096156798,-0.3488,-0.05999999867880349,0.0,PARTIAL,SKIP,BEARISH,,,,,,,,,
12/06/2018,112.714,0.6609380683335896,-0.2092,-0.05999999922756461,0.0,PARTIAL,SKIP,BULLISH,,,,,,,,,
12/07/2018,112.72,0.6272129925557778,0.1083,-0.05999999936495937,0.0,PARTIAL,SKIP,BULLISH,,,,,,,,,
12/10/2018,113.26,0.698784593548341,0.9628,-0.059999999096720234,0.0,PARTIAL,SKIP,BULLISH,,,,,,,,,
12/11/2018,113.391,0.6704133144085609,-0.2252,-0.059999998407156294,-0.13076179999999998,PARTIAL,SELL,BULLISH,False,True,True,SELL,True,True,0.14259999920357816,0.4,0.2
12/12/2018,113.269,0.6358248724874196,-0.4155,-0.05999999769602547,-0.21978344999999996,PARTIAL,SELL,BEARISH,True,True,True,SELL,True,True,0.23774999884801273,0.44,0.2
12/13/2018,113.595,0.6227815561557632,-0.4342,0.3,0.0,PARTIAL,SKIP,BEARISH,,,,,,,,,
12/14/2018,113.35,0.6057440153349936,0.6092,0.05999998723687894,0.0,PARTIAL,SKIP,BEARISH,,,,,,,,,
12/17/2018,112.82,0.6411114799569937,-0.0407,-0.3,-0.18104663000000001,PARTIAL,SELL,BEARISH,True,True,True,SELL,True,True,0.17035,0.24,0.2
12/18/2018,112.474,0.6394966159627286,0.2644,-0.0599999991526701,0.09154276000000001,PARTIAL,BUY,BEARISH,False,True,True,BUY,False,True,0.16219999957633507,0.44,0.2
12/19/2018,112.415,0.6362304005010326,0.2362,-0.05999999938478661,0.10564341999999999,PARTIAL,BUY,BEARISH,False,True,True,BUY,False,True,0.1480999996923933,0.76,0.2
12/20/2018,111.283,0.794599680434228,0.1278,0.10000714938625391,0.1121665,PARTIAL,BUY,BEARISH,False,True,True,BUY,True,True,0.11390357469312695,1.0,0.2
12/21/2018,111.21,0.7618530563763319,0.0394,0.06939777889247463,0.0,COHERENT,SKIP,BEARISH,,,,,,,,,
12/24/2018,110.42,0.7896059821928209,0.2441,0.13579429522668263,0.16995823000000002,PARTIAL,BUY,BULLISH,True,True,True,BUY,True,True,0.1899471476133413,0.16,0.2
12/25/2018,110.217,0.7444585179004439,-0.0792,0.1269114602633411,0.04497813000000001,PARTIAL,HOLD,BULLISH,False,False,False,HOLD,False,True,0.10305573013167055,0.12,0.2
12/26/2018,111.302,0.8169307155137178,0.1536,-0.05520480719526843,0.0,PARTIAL,SKIP,BEARISH,,,,,,,,,
12/27/2018,110.919,0.8261399534452215,0.1475,-0.024791113034600437,0.0,PARTIAL,SKIP,BEARISH,,,,,,,,,
12/28/2018,110.251,0.8254546263191918,0.2351,0.022379490492835982,0.0,PARTIAL,SKIP,BEARISH,,,,,,,,,
12/31/2018,109.63,0.842460676143298,0.1318,0.05995578380985071,0.0,PARTIAL,SKIP,BEARISH,,,,,,,,,
